{
    "L-711-6732340-12": {
        "Lat": 22.980406,
        "Long": 120.292724,
        "PGA": 12,
        "Loc": "臺南市 歸仁區"
    }
}
