{
    "L-711-6732340-12": {
        "Lat": 22.980406,
        "Long": 120.292724,
        "PGA": 12,
        "Loc": "臺南市 歸仁區"
    },
    "L-325-13901208-4": {
        "Lat": 24.842932,
        "Long": 121.184552,
        "PGA": 4,
        "Loc": "桃園市 龍潭區"
    },
    "L-973-13992532-8": {
        "Lat": 23.986994,
        "Long": 121.594344,
        "PGA": 8,
        "Loc": "花蓮縣 吉安鄉"
    },
    "L-711-14287896-12": {
        "Lat": 22.982954,
        "Long": 120.277994,
        "PGA": 12,
        "Loc": "臺南市 歸仁區"
    },
    "L-806-14219088-15": {
        "Lat": 22.607590,
        "Long": 120.326391,
        "PGA": 15,
        "Loc": "高雄市 前鎮區"
    }
}
