{
    "9760940": {
        "Lat": 23.007160,
        "Long": 120.272689,
        "PGA": 12,
        "Loc": "臺南市 永康區",
        "Position": [
            "-X",
            "-Y",
            "Z"
        ],
        "Weight":1
    },
    "6732340": {
        "Lat": 22.980406,
        "Long": 120.292724,
        "PGA": 12,
        "Loc": "臺南市 歸仁區",
        "Position": [
            "-X",
            "-Y",
            "Z"
        ]
    },
    "P-711-01": {
        "Lat": 22.980406,
        "Long": 120.292724,
        "PGA": 12,
        "Loc": "臺南市 歸仁區"
    }
}
