{
    "L-711-6732340-12": {
        "Lat": 22.980406,
        "Long": 120.292724,
        "PGA": 12,
        "Loc": "臺南市 歸仁區"
    },
    "L-325-13901208-4": {
        "Lat": 24.842932,
        "Long": 121.184552,
        "PGA": 4,
        "Loc": "桃園市 龍潭區"
    }
}
