{
    "L-711-6732340-12": {
        "Lat": 22.980406,
        "Long": 120.292724,
        "PGA": 12,
        "Loc": "臺南市 歸仁區"
    },
    "L-325-13901208-4": {
        "Lat": 24.842932,
        "Long": 121.184552,
        "PGA": 4,
        "Loc": "桃園市 龍潭區"
    },
    "L-973-13992532-8": {
        "Lat": 23.986994,
        "Long": 121.594344,
        "PGA": 8,
        "Loc": "花蓮縣 吉安鄉"
    },
    "L-711-14287896-12": {
        "Lat": 22.982954,
        "Long": 120.277994,
        "PGA": 12,
        "Loc": "臺南市 歸仁區"
    },
    "L-806-14219088-15": {
        "Lat": 22.607590,
        "Long": 120.326391,
        "PGA": 15,
        "Loc": "高雄市 前鎮區"
    },
    "L-648-4832348-9": {
        "Lat": 23.796909,
        "Long": 120.460155,
        "PGA": 9,
        "Loc": "雲林縣 西螺鎮"
    },
    "L-950-13900192-16": {
        "Lat": 22.793530,
        "Long": 121.189968,
        "PGA": 16,
        "Loc": "臺東縣 臺東市"
    },
    "L-300-14226992-4": {
        "Lat": 24.784577,
        "Long": 120.988921,
        "PGA": 4,
        "Loc": "新竹市 東區"
    },
    "L-220-14252376-1": {
        "Lat": 24.993284,
        "Long": 121.450740,
        "PGA": 1,
        "Loc": "新北市 板橋區"
    },
    "L-710-6345688-12": {
        "Lat": 23.0277203,
        "Long": 120.2492935,
        "PGA": 12,
        "Loc": "臺南市 永康區"
    }
}
