{
    "H-711-11334880-12": {
        "Lat": 22.980406,
        "Long": 120.292724,
        "PGA": 12,
        "Loc": "臺南市 歸仁區"
    },
    "L-105-11343152-2": {
        "Lat": 25.0498006,
        "Long": 121.5676974,
        "PGA": 2,
        "Loc": "臺北市 松山區"
    },
    "L-110-13987576-2": {
        "Lat": 25.027934,
        "Long": 121.556779,
        "PGA": 2,
        "Loc": "臺北市 信義區"
    },
    "L-114-11334512-2": {
        "Lat": 25.0889189,
        "Long": 121.600008,
        "PGA": 2,
        "Loc": "臺北市 內湖區"
    },
    "L-201-11358232-2": {
        "Lat": 25.1377831,
        "Long": 121.7759237,
        "PGA": 2,
        "Loc": "基隆市 信義區"
    },
    "L-208-14312724-2": {
        "Lat": 25.225239,
        "Long": 121.633467,
        "PGA": 2,
        "Loc": "新北市 金山區"
    },
    "L-220-14252376-1": {
        "Lat": 24.993284,
        "Long": 121.450740,
        "PGA": 1,
        "Loc": "新北市 板橋區"
    },
    "L-235-15082012-2": {
        "Lat": 24.996221,
        "Long": 121.503001,
        "PGA": 2,
        "Loc": "新北市 中和區"
    },
    "L-269-11370996-5": {
        "Lat": 24.6323732,
        "Long": 121.785422,
        "PGA": 5,
        "Loc": "宜蘭縣 冬山鄉"
    },
    "L-270-14291852-5": {
        "Lat": 24.5962316,
        "Long": 121.8373028,
        "PGA": 5,
        "Loc": "宜蘭縣 蘇澳鎮"
    },
    "L-300-14226992-4": {
        "Lat": 24.784577,
        "Long": 120.988921,
        "PGA": 4,
        "Loc": "新竹市 東區"
    },
    "L-304-14220884-4": {
        "Lat": 24.868087,
        "Long": 120.992822,
        "PGA": 4,
        "Loc": "新竹縣 新豐鄉"
    },
    "L-325-13901208-4": {
        "Lat": 24.842932,
        "Long": 121.184552,
        "PGA": 4,
        "Loc": "桃園市 龍潭區"
    },
    "L-330-6662308-1": {
        "Lat": 25.003499,
        "Long": 121.289971,
        "PGA": 1,
        "Loc": "桃園市 桃園區"
    },
    "L-335-6392144-4": {
        "Lat": 24.929244,
        "Long": 121.316823,
        "PGA": 4,
        "Loc": "桃園市 大溪區"
    },
    "L-411-11364524-6": {
        "Lat": 24.1536095,
        "Long": 120.7234213,
        "PGA": 6,
        "Loc": "臺中市 太平區"
    },
    "L-412-6654540-6": {
        "Lat": 24.101805,
        "Long": 120.697820,
        "PGA": 6,
        "Loc": "臺中市 大里區"
    },
    "L-423-13898616-7": {
        "Lat": 24.243157,
        "Long": 120.844440,
        "PGA": 7,
        "Loc": "臺中市 東勢區"
    },
    "L-500-13993392-6": {
        "Lat": 24.087461,
        "Long": 120.581721,
        "PGA": 6,
        "Loc": "彰化縣 彰化市"
    },
    "L-510-11340860-9": {
        "Lat": 23.9401358,
        "Long": 120.5796522,
        "PGA": 9,
        "Loc": "彰化縣 員林市"
    },
    "L-603-11376580-9": {
        "Lat": 23.5889767,
        "Long": 120.5501972,
        "PGA": 9,
        "Loc": "嘉義縣 梅山鄉"
    },
    "L-603-11334772-9": {
        "Lat": 23.544090,
        "Long": 120.577221,
        "PGA": 9,
        "Loc": "嘉義縣 梅山鄉"
    },
    "L-604-11363084-9": {
        "Lat": 23.5196937,
        "Long": 120.5476858,
        "PGA": 9,
        "Loc": "嘉義縣 竹崎鄉"
    },
    "L-648-4832348-9": {
        "Lat": 23.796909,
        "Long": 120.460155,
        "PGA": 9,
        "Loc": "雲林縣 西螺鎮"
    },
    "L-710-6345688-12": {
        "Lat": 23.0277203,
        "Long": 120.2492935,
        "PGA": 12,
        "Loc": "臺南市 永康區"
    },
    "L-711-6732340-12": {
        "Lat": 22.980406,
        "Long": 120.292724,
        "PGA": 12,
        "Loc": "臺南市 歸仁區"
    },
    "L-711-14287896-12": {
        "Lat": 22.982954,
        "Long": 120.277994,
        "PGA": 12,
        "Loc": "臺南市 歸仁區"
    },
    "L-733-6658712-12": {
        "Lat": 23.320135,
        "Long": 120.386867,
        "PGA": 12,
        "Loc": "臺南市 東山區"
    },
    "L-806-14219088-15": {
        "Lat": 22.607590,
        "Long": 120.326391,
        "PGA": 15,
        "Loc": "高雄市 前鎮區"
    },
    "L-807-11360004-15": {
        "Lat": 22.6460614,
        "Long": 120.2987757,
        "PGA": 15,
        "Loc": "高雄市 三民區"
    },
    "L-811-4834840-15": {
        "Lat": 22.716929,
        "Long": 120.299072,
        "PGA": 15,
        "Loc": "高雄市 楠梓區"
    },
    "L-880-13986928-18": {
        "Lat": 23.5739652,
        "Long": 119.5816697,
        "PGA": 18,
        "Loc": "澎湖縣 馬公市"
    },
    "L-904-11336816-15": {
        "Lat": 22.7340716,
        "Long": 120.498752,
        "PGA": 15,
        "Loc": "屏東縣 九如鄉"
    },
    "L-909-13990268-15": {
        "Lat": 22.655226,
        "Long": 120.531428,
        "PGA": 15,
        "Loc": "屏東縣 麟洛鄉"
    },
    "L-954-11370600-16": {
        "Lat": 22.7775874,
        "Long": 121.1051312,
        "PGA": 16,
        "Loc": "臺東縣 卑南鄉"
    },
    "L-972-11334740-8": {
        "Lat": 24.165767,
        "Long": 121.6533376,
        "PGA": 8,
        "Loc": "花蓮縣 秀林鄉"
    },
    "L-973-13992532-8": {
        "Lat": 23.986994,
        "Long": 121.594344,
        "PGA": 8,
        "Loc": "花蓮縣 吉安鄉"
    },
    "L-976-11343452-11": {
        "Lat": 23.6671203,
        "Long": 121.4286207,
        "PGA": 11,
        "Loc": "花蓮縣 光復鄉"
    },
    "L-978-11354012-11": {
        "Lat": 23.4941052,
        "Long": 121.4463373,
        "PGA": 11,
        "Loc": "花蓮縣 瑞穗鄉"
    },
    "L-978-11366504-11": {
        "Lat": 23.5121499,
        "Long": 121.3571453,
        "PGA": 11,
        "Loc": "花蓮縣 瑞穗鄉"
    },
    "L-979-6759352-11": {
        "Lat": 23.576693,
        "Long": 121.362569,
        "PGA": 11,
        "Loc": "花蓮縣 萬榮鄉"
    },
    "L-981-11339360-14": {
        "Lat": 23.346639,
        "Long": 121.344342,
        "PGA": 14,
        "Loc": "花蓮縣 玉里鎮"
    },
    "L-981-11334552-14": {
        "Lat": 23.3329205,
        "Long": 121.3190218,
        "PGA": 14,
        "Loc": "花蓮縣 玉里鎮"
    },
    "H-000-13379360-1": {
        "Lat": 29.8108108,
        "Long": 106.3944963,
        "PGA": 1,
        "Loc": "重庆市 北碚区"
    }
}
