{
    "L-110-13987576-2": {
        "Lat": 25.027934,
        "Long": 121.556779,
        "PGA": 2,
        "Loc": "臺北市 信義區"
    },
    "L-208-14312724-2": {
        "Lat": 25.225239,
        "Long": 121.633467,
        "PGA": 2,
        "Loc": "新北市 金山區"
    },
    "L-220-14252376-1": {
        "Lat": 24.993284,
        "Long": 121.450740,
        "PGA": 1,
        "Loc": "新北市 板橋區"
    },
    "L-235-15082012-2": {
        "Lat": 24.996221,
        "Long": 121.503001,
        "PGA": 2,
        "Loc": "新北市 中和區"
    },
    "L-270-14291852-5": {
        "Lat": 24.5962316,
        "Long": 121.8373028,
        "PGA": 5,
        "Loc": "宜蘭縣 蘇澳鎮"
    },
    "L-300-14226992-4": {
        "Lat": 24.784577,
        "Long": 120.988921,
        "PGA": 4,
        "Loc": "新竹市 東區"
    },
    "L-304-14220884-4": {
        "Lat": 24.868087,
        "Long": 120.992822,
        "PGA": 4,
        "Loc": "新竹縣 新豐鄉"
    },
    "L-325-13901208-4": {
        "Lat": 24.842932,
        "Long": 121.184552,
        "PGA": 4,
        "Loc": "桃園市 龍潭區"
    },
    "L-330-6662308-1": {
        "Lat": 25.003499,
        "Long": 121.289971,
        "PGA": 1,
        "Loc": "桃園市 桃園區"
    },
    "L-335-6392144-4": {
        "Lat": 24.929244,
        "Long": 121.316823,
        "PGA": 4,
        "Loc": "桃園市 大溪區"
    },
    "L-412-6654540-6": {
        "Lat": 24.101805,
        "Long": 120.697820,
        "PGA": 6,
        "Loc": "臺中市 大里區"
    },
    "L-423-13898616-7": {
        "Lat": 24.243157,
        "Long": 120.844440,
        "PGA": 7,
        "Loc": "臺中市 東勢區"
    },
    "L-621-10128596-9": {
        "Lat": 23.5546607,
        "Long": 120.4788188,
        "PGA": 9,
        "Loc": "嘉義縣 民雄鄉"
    },
    "L-648-4832348-9": {
        "Lat": 23.796909,
        "Long": 120.460155,
        "PGA": 9,
        "Loc": "雲林縣 西螺鎮"
    },
    "L-709-14293040-12": {
        "Lat": 23.044136,
        "Long": 120.195015,
        "PGA": 12,
        "Loc": "臺南市 安南區"
    },
    "L-710-6345688-12": {
        "Lat": 23.0277203,
        "Long": 120.2492935,
        "PGA": 12,
        "Loc": "臺南市 永康區"
    },
    "L-711-6732340-12": {
        "Lat": 22.980406,
        "Long": 120.292724,
        "PGA": 12,
        "Loc": "臺南市 歸仁區"
    },
    "L-711-14287896-12": {
        "Lat": 22.982954,
        "Long": 120.277994,
        "PGA": 12,
        "Loc": "臺南市 歸仁區"
    },
    "L-733-6658712-12": {
        "Lat": 23.320135,
        "Long": 120.386867,
        "PGA": 12,
        "Loc": "臺南市 東山區"
    },
    "L-806-14219088-15": {
        "Lat": 22.607590,
        "Long": 120.326391,
        "PGA": 15,
        "Loc": "高雄市 前鎮區"
    },
    "L-811-4834840-15": {
        "Lat": 22.716929,
        "Long": 120.299072,
        "PGA": 15,
        "Loc": "高雄市 楠梓區"
    },
    "L-909-13990268-15": {
        "Lat": 22.655226,
        "Long": 120.531428,
        "PGA": 15,
        "Loc": "屏東縣 麟洛鄉"
    },
    "L-950-13900192-16": {
        "Lat": 22.793530,
        "Long": 121.189968,
        "PGA": 16,
        "Loc": "臺東縣 臺東市"
    },
    "L-973-13992532-8": {
        "Lat": 23.986994,
        "Long": 121.594344,
        "PGA": 8,
        "Loc": "花蓮縣 吉安鄉"
    },
    "L-979-6759352-11": {
        "Lat": 23.576693,
        "Long": 121.362569,
        "PGA": 11,
        "Loc": "花蓮縣 萬榮鄉"
    },
    "IRIS-235-TATO-1": {
        "Lat": 24.9735,
        "Long": 121.4971,
        "PGA": 1,
        "Loc": "新北市 中和區"
    },
    "IRIS-336-YHNB-4": {
        "Lat": 24.6695,
        "Long": 121.375702,
        "PGA": 4,
        "Loc": "桃園市 復興區"
    },
    "IRIS-556-SSLB-10": {
        "Lat": 23.7876,
        "Long": 120.954002,
        "PGA": 10,
        "Loc": "南投縣 信義鄉"
    },
    "IRIS-607-TPUB-13": {
        "Lat": 23.300501,
        "Long": 120.629601,
        "PGA": 13,
        "Loc": "嘉義縣 大埔鄉"
    },
    "IRIS-954-TWGB-16": {
        "Lat": 22.817699,
        "Long": 121.079903,
        "PGA": 16,
        "Loc": "臺東縣 卑南鄉"
    },
    "IRIS-972-NACB-8": {
        "Lat": 24.1738,
        "Long": 121.594704,
        "PGA": 8,
        "Loc": "花蓮縣 秀林鄉"
    },
    "IRIS-982-YULB-14": {
        "Lat": 23.3925,
        "Long": 121.297096,
        "PGA": 14,
        "Loc": "花蓮縣 卓溪鄉"
    }
}
