{   "List":["6732340"],
    "6732340": {
        "Lat": 22.980406,
        "Long": 120.292724,
        "PGA":12,
        "Loc":"臺南市 歸仁區",
        "Position":["-X","-Y","Z"]
    }
}
