{
    "6732340": {
        "Lat": 22.980406,
        "Long": 120.292724,
        "PGA":12
    }
}
